Layer, Neuron, Weights, Bias
Input, 0, -0.211234, 0.680375
Hidden, 0 - 0, 0.432220, 0.599701
Output, 0,  -0.329490,0.875131
