Layer, Neuron, Weights, Bias
Input, 0, -0.211234, 0.680375
Hidden, 0 - 0, -2.739127, -3.264378
Output, 0,  0.451368,6.843088
