Layer,Neuron,Weights,Bias
Input,0,-0.211234,0.680375
Hidden,0,-5.920691,225.207455
Output,1-0,-4.287587,8.177545
