Layer, Neuron, Weights, Bias
Input, 0, -0.211234, 0.680375
Hidden, 0 - 0, 0.661438, 0.368792
Hidden, 0 - 1, 0.973277, 2.375392
Hidden, 1 - 0, 0.102452, -2.824911, -1.402514
Hidden, 1 - 1, 0.073321, 1.010893, 1.676861
Output, 0,  2.040361, 3.086988,3.899165
