Layer,Neuron,Weights,Bias
Input,0,-0.211234,0.680375
Hidden,0,-3.202082,-11.154300
Hidden,1,-2.650672,-11.532935
Hidden,2,-3.724639,-10.670176
Output,0,2.998988,4.577064,2.548680,6.201313
