Layer,Neuron,Weights,Bias
Input,0,-0.211234,0.680375
Hidden,0,1.680577,4.967539
Hidden,1,3.700791,0.415465
Hidden,2,2.137183,4.906756
Hidden,0,-1.612970,-3.044307
Hidden,1,-0.142166,-2.564092
Hidden,2,-8.226267,-1.573873
Output,2-0,0.061413,2.211976,2.260900,6.331636
