Value; Result
1;0.080000
2;0.160000
3;0.240000
4;0.130000
5;0.210000
6;0.290000
7;0.370000
8;0.450000
9;0.150000
10;0.230000
11;0.310000
12;0.390000
13;0.470000
14;0.360000
15;0.440000
16;0.520000
17;0.600000
18;0.680000
19;0.380000
20;0.460000
21;0.540000
22;0.620000
23;0.700000
24;0.590000
25;0.670000
26;0.750000
27;0.830000
28;0.910000
29;0.610000
30;0.690000
31;0.770000
32;0.850000
33;0.930000
34;0.820000
35;0.900000
36;0.980000
37;1.060000
38;1.140000
39;0.840000
