Value; Result
1;0.800000
2;1.600000
3;2.400000
4;1.300000
5;2.100000
6;2.900000
7;3.700000
8;4.500000
9;1.500000
10;2.300000
11;3.100000
12;3.900000
13;4.700000
14;3.600000
15;4.400000
16;5.200000
17;6.000000
18;6.800000
19;3.800000
20;4.600000
21;5.400000
22;6.200000
23;7.000000
24;5.900000
25;6.700000
26;7.500000
27;8.300000
28;9.100000
29;6.100000
30;6.900000
31;7.700000
32;8.500000
33;9.300000
34;8.200000
35;9.000000
36;9.800000
37;10.600000
38;11.400000
39;8.400000
