Layer, Neuron, Weights, Bias
Input, 0, -0.211234, 0.680375
Hidden, 0 - 0, 2.766124, -1.535569
Hidden, 0 - 1, -2.442592, 6.929698
Hidden, 1 - 0, -2.868007, -0.549487, 0.723608
Hidden, 1 - 1, -0.742055, 4.655197, -1.001706
Output, 0,  -2.842597, 1.977479,-0.588884
